{
  "weights": [
    -0.49567867125945714,
    1.0048829478019663,
    -0.2996195847497545,
    0.2994004498500188,
    0.49900074975003134,
    0.2994004498500188,
    -0.19960029990001255,
    -0.2995532205196088,
    0.7868831606557204,
    0.20117915770173933,
    0.48906465294407003
  ],
  "n_votes": 4,
  "version": 1
}